variant,year,level,macro,size_weighted,null_mean,null_sd,null_ci_low,null_ci_high,absolute_effect,standardized_effect,p_upper,null_macro_mean,macro_effect,macro_p
semantic,2020,0,0.8426484331859062,0.8248093026425838,0.8092093167255608,0.0002757611713306078,0.8091545997264865,0.8092640337246352,0.01559998591702294,56.57063988287258,0.009900990099009901,0.8198236416776098,0.022824791508296416,0.009900990099009901
semantic,2020,1,0.8662166373401966,0.8489230209952333,0.8156446744146305,0.00028434827729179523,0.8155882535474348,0.8157010952818262,0.0332783465806028,117.03375486412007,0.009900990099009901,0.8192303474333097,0.04698628990688691,0.009900990099009901
semantic,2020,2,0.891574963995469,0.8792983771226808,0.8294636430753632,0.0003491904124841805,0.829394356121785,0.8295329300289415,0.04983473404731753,142.715069674415,0.009900990099009901,0.8324613611020546,0.059113602893414385,0.009900990099009901
semantic,2022,0,0.8379885508557979,0.8255454511996596,0.8098977706089387,0.0002576965759348411,0.8098466380175052,0.8099489032003723,0.015647680590720858,60.72133684336338,0.009900990099009901,0.8170800625256315,0.020908488330166453,0.009900990099009901
semantic,2022,1,0.8569678140243294,0.8467225017071284,0.8143221919389002,0.000268765377427872,0.814268863057111,0.8143755208206894,0.032400309768228164,120.55239435341096,0.009900990099009901,0.8153498959485268,0.04161791807580262,0.009900990099009901
semantic,2022,2,0.8872874679103826,0.8742795319481306,0.824834186588884,0.0003075984159539543,0.8247731523897622,0.8248952207880057,0.049445345359246606,160.74642389136454,0.009900990099009901,0.8270263142395698,0.06026115367081275,0.009900990099009901
semantic,2024,0,0.8382602329797025,0.8243892476313995,0.8094055731717147,0.00016836079276769328,0.8093721667378154,0.809438979605614,0.014983674459684848,88.99740974942749,0.009900990099009901,0.8167448669744872,0.02151536600521531,0.009900990099009901
semantic,2024,1,0.8535536981650335,0.8426223781059726,0.8131065620467097,0.00019798715923920846,0.8130672770989539,0.8131458469944656,0.0295158160592629,149.07944622611527,0.009900990099009901,0.8139100760532725,0.03964362211176098,0.009900990099009901
semantic,2024,2,0.875873792508241,0.8645871695377978,0.8190849201518727,0.00022254749333911112,0.8190407619009911,0.8191290784027544,0.045502249385925064,204.46084879774457,0.009900990099009901,0.8195246879238701,0.056349104584370924,0.009900990099009901
semantic,2026,0,0.8372071467101967,0.8239683448708806,0.8108176795029084,0.0001325949354789551,0.8107913697910412,0.8108439892147756,0.013150665367972159,99.17924331325139,0.009900990099009901,0.8169800403138981,0.020227106396298544,0.009900990099009901
semantic,2026,1,0.8507924221911589,0.8406979331742004,0.8135570397219873,0.00014351367041370782,0.8135285634962254,0.8135855159477493,0.027140893452213044,189.11712991503742,0.009900990099009901,0.8138769490607288,0.03691547313043009,0.009900990099009901
semantic,2026,2,0.8696639455411782,0.8608052063972584,0.818280743454519,0.0001511883919331513,0.8182507443975032,0.8183107425115347,0.04252446294273948,281.2680418053649,0.009900990099009901,0.8178220878634843,0.05184185767769389,0.009900990099009901
pairwise,2020,0,0.8843257548255999,0.801979741449306,0.7978608753123235,0.00025349219434767475,0.7978105769614116,0.7979111736632355,0.004118866136982424,16.248492966742926,0.009900990099009901,0.8538377816375128,0.03048797318808716,0.009900990099009901
pairwise,2020,1,0.9351109265586757,0.8098517527673328,0.8021747272648386,0.00028556364097419816,0.8021180652431209,0.8022313892865564,0.007677025502494161,26.8837639004183,0.009900990099009901,0.890722188558851,0.04438873799982468,0.009900990099009901
pairwise,2020,2,0.9617639127172342,0.8255061796690067,0.8135164705726621,0.00033071900088642954,0.813450848747885,0.8135820923974392,0.01198970909634467,36.25346310374829,0.009900990099009901,0.9246377440051888,0.03712616871204533,0.009900990099009901
pairwise,2022,0,0.8660828618971284,0.8007483713511426,0.7986147634617821,0.00019934669413287803,0.798575208752808,0.7986543181707562,0.002133607889360567,10.703001113920521,0.009900990099009901,0.8407263895848697,0.025356472312258682,0.009900990099009901
pairwise,2022,1,0.9302372468332785,0.8067061074714893,0.8024549914821962,0.00022109710380669177,0.8024111210200643,0.8024988619443282,0.004251115989293064,19.22737076198824,0.009900990099009901,0.9003242609726513,0.029912985860627184,0.009900990099009901
pairwise,2022,2,0.9608353299381462,0.8167455833784119,0.8102155718748841,0.0002451834072405092,0.8101669221675947,0.8102642215821736,0.006530011503527722,26.633170560037932,0.009900990099009901,0.9318102415139425,0.029025088424203704,0.009900990099009901
pairwise,2024,0,0.8434529876725495,0.7981082168940221,0.7953989552167856,0.0001746785151922071,0.7953642952096934,0.7954336152238778,0.0027092616772365075,15.509988015729226,0.009900990099009901,0.8199262048149423,0.02352678285760723,0.009900990099009901
pairwise,2024,1,0.9098045133275156,0.8011307917686176,0.7972481923321094,0.00018547396410771387,0.7972113902737433,0.7972849943904755,0.0038825994365081495,20.93339329423796,0.009900990099009901,0.8757062345649581,0.034098278762557443,0.009900990099009901
pairwise,2024,2,0.9480603749552597,0.8087806184734946,0.8016998720170185,0.0001884042239600843,0.8016624885315253,0.8017372555025117,0.00708074645647605,37.58273730623041,0.009900990099009901,0.9121426037928286,0.03591777116243111,0.009900990099009901
pairwise,2026,0,0.8395680651292077,0.7977631528511568,0.7955088128593212,0.00015332745061706526,0.7954783893666554,0.795539236351987,0.0022543399918356632,14.702781418220205,0.009900990099009901,0.8171842192321002,0.022383845897107513,0.009900990099009901
pairwise,2026,1,0.904145651857166,0.8007617508527562,0.7969887012989259,0.00015304062344282735,0.7969583347189942,0.7970190678788575,0.0037730495538303988,24.65390867438493,0.009900990099009901,0.8621623467184975,0.04198330513866855,0.009900990099009901
pairwise,2026,2,0.9438070306568443,0.8072656904309549,0.8005566268736852,0.00016822941750957711,0.8005232465074874,0.800590007239883,0.0067090635572696344,39.88044217586199,0.009900990099009901,0.8883518661266855,0.05545516453015886,0.009900990099009901
static,2020,0,0.850102666898794,0.8077839230197806,0.8020221003250722,0.0003006708127956771,0.8019624407127125,0.8020817599374318,0.005761822694708485,19.163225858653497,0.009900990099009901,0.8310441601854452,0.019058506713348744,0.009900990099009901
static,2020,1,0.8929565505806991,0.8191099805242836,0.8093096146437759,0.0003344155586028679,0.8092432593417506,0.8093759699458013,0.0098003658805077,29.30595072027146,0.009900990099009901,0.8551876635218377,0.03776888705886139,0.009900990099009901
static,2020,2,0.9412593653301059,0.8354243229103858,0.8208657436113285,0.000379887761862809,0.8207903656376496,0.8209411215850073,0.01455857929905735,38.323370112446455,0.009900990099009901,0.9063309096077106,0.034928455722395335,0.009900990099009901
static,2022,0,0.8457415173110219,0.8069972229326546,0.8041012465809659,0.00021038844867746852,0.8040595009483376,0.8041429922135943,0.0028959763516887005,13.764901875046927,0.009900990099009901,0.8270780176608163,0.01866349965020553,0.009900990099009901
static,2022,1,0.881399932982073,0.816752637208125,0.8096032310035707,0.0002404872723429895,0.8095555131113283,0.809650948895813,0.007149406204554287,29.72883402476955,0.009900990099009901,0.8468722421255441,0.03452769085652885,0.009900990099009901
static,2022,2,0.9267611179900915,0.8292361558806464,0.8180621186771918,0.0002494741055872399,0.818012617602263,0.8181116197521207,0.011174037203454557,44.7903688326765,0.009900990099009901,0.8924327139141853,0.034328404075906205,0.009900990099009901
static,2024,0,0.8410365475964086,0.8078877726868086,0.8045115715784693,0.00017518800785181862,0.8044768104769798,0.8045463326799588,0.0033762011083392496,19.27187339897707,0.009900990099009901,0.8214086816436534,0.01962786595275512,0.009900990099009901
static,2024,1,0.8633951367996271,0.8139206128525749,0.8073859770544323,0.0001762427145825433,0.8073510066762455,0.807420947432619,0.006534635798142618,37.07748041455706,0.009900990099009901,0.8337970254938807,0.02959811130574641,0.009900990099009901
static,2024,2,0.8925637510276255,0.8249342825582587,0.812585593176168,0.00019190928506862895,0.812547514210508,0.812623672141828,0.012348689382090772,64.34649255076293,0.009900990099009901,0.8536484939386523,0.038915257088973254,0.009900990099009901
static,2026,0,0.8411901280575905,0.8074561868125331,0.8048469932854765,0.0001687938581654902,0.8048135009220069,0.8048804856489461,0.0026091935270565747,15.457870063604142,0.009900990099009901,0.8252878508251985,0.015902277232392015,0.009900990099009901
static,2026,1,0.8671668055113413,0.8120019898352965,0.8063117602803659,0.00017194616336917043,0.8062776424311542,0.8063458781295776,0.005690229554930593,33.093088228514894,0.009900990099009901,0.8353211366272758,0.03184566888406548,0.009900990099009901
static,2026,2,0.8960044970318106,0.8207770434815956,0.8103464519756937,0.00016658502152115892,0.8103133978933353,0.810379506058052,0.010430591505901976,62.614221918968425,0.009900990099009901,0.853253108509709,0.042751388522101585,0.009900990099009901
temporal,2020,0,0.850102666898794,0.8077839230197806,0.8020221003250722,0.0003006708127956771,0.8019624407127125,0.8020817599374318,0.005761822694708485,19.163225858653497,0.009900990099009901,0.8310441601854452,0.019058506713348744,0.009900990099009901
temporal,2020,1,0.8929565505806991,0.8191099805242836,0.8093096146437759,0.0003344155586028679,0.8092432593417506,0.8093759699458013,0.0098003658805077,29.30595072027146,0.009900990099009901,0.8551876635218377,0.03776888705886139,0.009900990099009901
temporal,2020,2,0.9412593653301059,0.8354243229103858,0.8208657436113285,0.000379887761862809,0.8207903656376496,0.8209411215850073,0.01455857929905735,38.323370112446455,0.009900990099009901,0.9063309096077106,0.034928455722395335,0.009900990099009901
temporal,2022,0,0.83618543304887,0.8072174486523062,0.8037691880552014,0.00021931727763883,0.8037256707491947,0.8038127053612081,0.003448260597104791,15.722703811704976,0.009900990099009901,0.8251584196096512,0.011027013439218858,0.009900990099009901
temporal,2022,1,0.8750321760828023,0.817222001764247,0.8098848507714657,0.00024224386844119223,0.8098367843324478,0.8099329172104835,0.007337150992781316,30.288283620943343,0.009900990099009901,0.8433155297045812,0.031716646378221025,0.009900990099009901
temporal,2022,2,0.9197964098617702,0.8315792291910865,0.8186909895055318,0.00024663248745158245,0.8186420522692904,0.8187399267417731,0.012888239685554748,52.256861286714695,0.009900990099009901,0.8815702949379767,0.038226114923793575,0.009900990099009901
temporal,2024,0,0.8279419554956319,0.8076761711585744,0.8043711091360147,0.0001416592511057123,0.8043430008672754,0.8043992174047541,0.003305062022559646,23.33107083908883,0.009900990099009901,0.81678390974069,0.011158045754941837,0.009900990099009901
temporal,2024,1,0.8568436895452454,0.8164576635740258,0.8094428587823375,0.0001475849965748895,0.809413574717137,0.8094721428475379,0.007014804791688367,47.53060917089105,0.009900990099009901,0.8317611765637482,0.025082512981497218,0.009900990099009901
temporal,2024,2,0.8929375952419026,0.827622939477448,0.8149669147333194,0.00013981977330819738,0.8149391714568829,0.8149946580097559,0.012656024744128636,90.51670192764242,0.009900990099009901,0.8532085590427317,0.0397290361991709,0.009900990099009901
temporal,2026,0,0.8260107577894056,0.8029210029260405,0.7996394502815767,0.00014634409769046465,0.7996104124376365,0.7996684881255168,0.0032815526444638365,22.423539426951912,0.009900990099009901,0.8178910489523278,0.0081197088370778,0.009900990099009901
temporal,2026,1,0.8525228653840772,0.8108361705341127,0.8046372786995779,0.0001735947176535012,0.8046028337414305,0.8046717236577253,0.006198891834534814,35.70898883517836,0.009900990099009901,0.8292281145877651,0.023294750796312047,0.009900990099009901
temporal,2026,2,0.8891435298278884,0.8204784883336023,0.8092210399631595,0.00015987580571418328,0.8091893171347748,0.8092527627915442,0.011257448370442735,70.41370844171476,0.009900990099009901,0.8498596326229895,0.03928389720489889,0.009900990099009901
