question,type,system,k,raw_recall,supported_recall,strict_claim_recall,alignable_claims,expected_claims,source_recovery,comparisons,first_direct_target_comparisons
Q1,A,flat,10,0.0,0.0,,0,21,0.3333333333333333,5480,100
Q1,A,flat,25,0.0,0.0,,0,21,1.0,5480,100
Q1,A,beam1,10,0.0,0.0,,0,21,0.3333333333333333,92,
Q1,A,beam1,25,0.0,0.0,,0,21,0.3333333333333333,92,
Q1,A,beam3,10,0.0,0.0,,0,21,0.3333333333333333,255,
Q1,A,beam3,25,0.0,0.0,,0,21,0.3333333333333333,255,
Q1,A,beam5,10,0.0,0.0,,0,21,0.3333333333333333,2791,142
Q1,A,beam5,25,0.0,0.0,,0,21,1.0,2791,142
Q1,A,beam10,10,0.0,0.0,,0,21,0.3333333333333333,2901,188
Q1,A,beam10,25,0.0,0.0,,0,21,1.0,2901,188
Q2,A,flat,10,0.0,0.0,,0,10,0.6666666666666666,5480,306
Q2,A,flat,25,0.0,0.0,,0,10,0.6666666666666666,5480,306
Q2,A,beam1,10,0.0,0.0,,0,10,0.0,106,
Q2,A,beam1,25,0.0,0.0,,0,10,0.0,106,
Q2,A,beam3,10,0.0,0.0,,0,10,0.6666666666666666,2634,270
Q2,A,beam3,25,0.0,0.0,,0,10,0.6666666666666666,2634,270
Q2,A,beam5,10,0.0,0.0,,0,10,0.6666666666666666,2801,279
Q2,A,beam5,25,0.0,0.0,,0,10,0.6666666666666666,2801,279
Q2,A,beam10,10,0.0,0.0,,0,10,0.6666666666666666,3045,314
Q2,A,beam10,25,0.0,0.0,,0,10,0.6666666666666666,3045,314
Q3,A,flat,10,0.0,0.0,,0,6,1.0,5480,307
Q3,A,flat,25,0.0,0.0,,0,6,1.0,5480,307
Q3,A,beam1,10,0.0,0.0,,0,6,0.0,47,
Q3,A,beam1,25,0.0,0.0,,0,6,0.0,47,
Q3,A,beam3,10,0.0,0.0,,0,6,1.0,2634,271
Q3,A,beam3,25,0.0,0.0,,0,6,1.0,2634,271
Q3,A,beam5,10,0.0,0.0,,0,6,1.0,2770,280
Q3,A,beam5,25,0.0,0.0,,0,6,1.0,2770,280
Q3,A,beam10,10,0.0,0.0,,0,6,1.0,3041,323
Q3,A,beam10,25,0.0,0.0,,0,6,1.0,3041,323
Q4,A,flat,10,0.0,0.0,,0,9,1.0,5480,461
Q4,A,flat,25,0.0,0.0,,0,9,1.0,5480,461
Q4,A,beam1,10,0.0,0.0,,0,9,0.0,79,
Q4,A,beam1,25,0.0,0.0,,0,9,0.0,79,
Q4,A,beam3,10,0.0,0.0,,0,9,1.0,139,
Q4,A,beam3,25,0.0,0.0,,0,9,1.0,139,
Q4,A,beam5,10,0.0,0.0,,0,9,1.0,2809,401
Q4,A,beam5,25,0.0,0.0,,0,9,1.0,2809,401
Q4,A,beam10,10,0.0,0.0,,0,9,1.0,2934,433
Q4,A,beam10,25,0.0,0.0,,0,9,1.0,2934,433
Q5,A,flat,10,0.0,0.0,,0,6,0.0,5480,
Q5,A,flat,25,0.0,0.0,,0,6,1.0,5480,
Q5,A,beam1,10,0.0,0.0,,0,6,0.0,44,
Q5,A,beam1,25,0.0,0.0,,0,6,0.0,44,
Q5,A,beam3,10,0.0,0.0,,0,6,0.0,2678,
Q5,A,beam3,25,0.0,0.0,,0,6,1.0,2678,
Q5,A,beam5,10,0.0,0.0,,0,6,0.0,2822,
Q5,A,beam5,25,0.0,0.0,,0,6,1.0,2822,
Q5,A,beam10,10,0.0,0.0,,0,6,0.0,2988,
Q5,A,beam10,25,0.0,0.0,,0,6,1.0,2988,
Q6,A,flat,10,0.0,0.0,,0,9,1.0,5480,2853
Q6,A,flat,25,0.0,0.0,,0,9,1.0,5480,2853
Q6,A,beam1,10,0.0,0.0,,0,9,0.0,92,
Q6,A,beam1,25,0.0,0.0,,0,9,0.0,92,
Q6,A,beam3,10,0.0,0.0,,0,9,1.0,2613,1733
Q6,A,beam3,25,0.0,0.0,,0,9,1.0,2613,1733
Q6,A,beam5,10,0.0,0.0,,0,9,1.0,2714,1800
Q6,A,beam5,25,0.0,0.0,,0,9,1.0,2714,1800
Q6,A,beam10,10,0.0,0.0,,0,9,1.0,2961,1853
Q6,A,beam10,25,0.0,0.0,,0,9,1.0,2961,1853
Q7,A,flat,10,0.0,0.0,,0,6,0.0,5480,68
Q7,A,flat,25,0.0,0.0,,0,6,1.0,5480,68
Q7,A,beam1,10,0.0,0.0,,0,6,0.0,2530,96
Q7,A,beam1,25,0.0,0.0,,0,6,1.0,2530,96
Q7,A,beam3,10,0.0,0.0,,0,6,0.0,2664,120
Q7,A,beam3,25,0.0,0.0,,0,6,1.0,2664,120
Q7,A,beam5,10,0.0,0.0,,0,6,0.0,2822,129
Q7,A,beam5,25,0.0,0.0,,0,6,1.0,2822,129
Q7,A,beam10,10,0.0,0.0,,0,6,0.0,2909,153
Q7,A,beam10,25,0.0,0.0,,0,6,1.0,2909,153
Q8,A,flat,10,0.0,0.0,,0,6,1.0,5480,53
Q8,A,flat,25,0.0,0.0,,0,6,1.0,5480,53
Q8,A,beam1,10,0.0,0.0,,0,6,1.0,31,
Q8,A,beam1,25,0.0,0.0,,0,6,1.0,31,
Q8,A,beam3,10,0.0,0.0,,0,6,1.0,2625,111
Q8,A,beam3,25,0.0,0.0,,0,6,1.0,2625,111
Q8,A,beam5,10,0.0,0.0,,0,6,1.0,2716,126
Q8,A,beam5,25,0.0,0.0,,0,6,1.0,2716,126
Q8,A,beam10,10,0.0,0.0,,0,6,1.0,2845,144
Q8,A,beam10,25,0.0,0.0,,0,6,1.0,2845,144
Q9,A,flat,10,0.0,0.0,,0,9,,5480,101
Q9,A,flat,25,0.0,0.0,,0,9,,5480,101
Q9,A,beam1,10,0.0,0.0,,0,9,,2530,124
Q9,A,beam1,25,0.0,0.0,,0,9,,2530,124
Q9,A,beam3,10,0.0,0.0,,0,9,,2695,136
Q9,A,beam3,25,0.0,0.0,,0,9,,2695,136
Q9,A,beam5,10,0.0,0.0,,0,9,,2783,148
Q9,A,beam5,25,0.0,0.0,,0,9,,2783,148
Q9,A,beam10,10,0.0,0.0,,0,9,,3387,184
Q9,A,beam10,25,0.0,0.0,,0,9,,3387,184
Q10,A,flat,10,0.0,0.0,,0,6,0.0,5480,57
Q10,A,flat,25,0.0,0.0,,0,6,0.0,5480,57
Q10,A,beam1,10,0.0,0.0,,0,6,0.0,106,
Q10,A,beam1,25,0.0,0.0,,0,6,0.0,106,
Q10,A,beam3,10,0.0,0.0,,0,6,0.0,2693,95
Q10,A,beam3,25,0.0,0.0,,0,6,0.0,2693,95
Q10,A,beam5,10,0.0,0.0,,0,6,0.0,2784,106
Q10,A,beam5,25,0.0,0.0,,0,6,0.0,2784,106
Q10,A,beam10,10,0.0,0.0,,0,6,0.0,3020,158
Q10,A,beam10,25,0.0,0.0,,0,6,0.0,3020,158
Q11,A,flat,10,0.0,0.0,,0,4,,5480,
Q11,A,flat,25,0.0,0.0,,0,4,,5480,
Q11,A,beam1,10,0.0,0.0,,0,4,,61,
Q11,A,beam1,25,0.0,0.0,,0,4,,61,
Q11,A,beam3,10,0.0,0.0,,0,4,,505,
Q11,A,beam3,25,0.0,0.0,,0,4,,505,
Q11,A,beam5,10,0.0,0.0,,0,4,,3028,
Q11,A,beam5,25,0.0,0.0,,0,4,,3028,
Q11,A,beam10,10,0.0,0.0,,0,4,,3275,
Q11,A,beam10,25,0.0,0.0,,0,4,,3275,
Q12,A,flat,10,0.0,0.0,,0,39,0.14285714285714285,5480,63
Q12,A,flat,25,0.0,0.0,,0,39,0.8571428571428571,5480,63
Q12,A,beam1,10,0.0,0.0,,0,39,0.0,79,
Q12,A,beam1,25,0.0,0.0,,0,39,0.0,79,
Q12,A,beam3,10,0.0,0.0,,0,39,0.14285714285714285,255,
Q12,A,beam3,25,0.0,0.0,,0,39,0.2857142857142857,255,
Q12,A,beam5,10,0.0,0.0,,0,39,0.14285714285714285,2815,110
Q12,A,beam5,25,0.0,0.0,,0,39,0.8571428571428571,2815,110
Q12,A,beam10,10,0.0,0.0,,0,39,0.14285714285714285,2979,146
Q12,A,beam10,25,0.0,0.0,,0,39,0.8571428571428571,2979,146
Q13,A,flat,10,0.0,0.0,,0,24,1.0,5480,57
Q13,A,flat,25,0.0,0.0,,0,24,1.0,5480,57
Q13,A,beam1,10,0.0,0.0,,0,24,0.0,58,
Q13,A,beam1,25,0.0,0.0,,0,24,0.0,58,
Q13,A,beam3,10,0.0,0.0,,0,24,0.0,176,
Q13,A,beam3,25,0.0,0.0,,0,24,0.0,176,
Q13,A,beam5,10,0.0,0.0,,0,24,0.25,2709,112
Q13,A,beam5,25,0.0,0.0,,0,24,1.0,2709,112
Q13,A,beam10,10,0.0,0.0,,0,24,1.0,2846,146
Q13,A,beam10,25,0.0,0.0,,0,24,1.0,2846,146
Q14,A,flat,10,0.0,0.0,,0,33,1.0,5480,70
Q14,A,flat,25,0.0,0.0,,0,33,1.0,5480,70
Q14,A,beam1,10,0.0,0.0,,0,33,1.0,32,
Q14,A,beam1,25,0.0,0.0,,0,33,1.0,32,
Q14,A,beam3,10,0.0,0.0,,0,33,1.0,159,
Q14,A,beam3,25,0.0,0.0,,0,33,1.0,159,
Q14,A,beam5,10,0.0,0.0,,0,33,1.0,256,
Q14,A,beam5,25,0.0,0.0,,0,33,1.0,256,
Q14,A,beam10,10,0.0,0.0,,0,33,1.0,2954,156
Q14,A,beam10,25,0.0,0.0,,0,33,1.0,2954,156
Q15,B,flat,10,,,,0,10,1.0,5480,
Q15,B,flat,25,,,,0,10,1.0,5480,
Q15,B,beam1,10,,,,0,10,1.0,31,
Q15,B,beam1,25,,,,0,10,1.0,31,
Q15,B,beam3,10,,,,0,10,1.0,168,
Q15,B,beam3,25,,,,0,10,1.0,168,
Q15,B,beam5,10,,,,0,10,1.0,313,
Q15,B,beam5,25,,,,0,10,1.0,313,
Q15,B,beam10,10,,,,0,10,1.0,2951,
Q15,B,beam10,25,,,,0,10,1.0,2951,
Q16,B,flat,10,,,,0,9,1.0,5480,
Q16,B,flat,25,,,,0,9,1.0,5480,
Q16,B,beam1,10,,,,0,9,0.75,58,
Q16,B,beam1,25,,,,0,9,0.75,58,
Q16,B,beam3,10,,,,0,9,1.0,2625,
Q16,B,beam3,25,,,,0,9,1.0,2625,
Q16,B,beam5,10,,,,0,9,1.0,2748,
Q16,B,beam5,25,,,,0,9,1.0,2748,
Q16,B,beam10,10,,,,0,9,1.0,3417,
Q16,B,beam10,25,,,,0,9,1.0,3417,
Q17,B,flat,10,,,,0,7,1.0,5480,
Q17,B,flat,25,,,,0,7,1.0,5480,
Q17,B,beam1,10,,,,0,7,1.0,2530,
Q17,B,beam1,25,,,,0,7,1.0,2530,
Q17,B,beam3,10,,,,0,7,1.0,2613,
Q17,B,beam3,25,,,,0,7,1.0,2613,
Q17,B,beam5,10,,,,0,7,1.0,2691,
Q17,B,beam5,25,,,,0,7,1.0,2691,
Q17,B,beam10,10,,,,0,7,1.0,2995,
Q17,B,beam10,25,,,,0,7,1.0,2995,
Q18,B,flat,10,,,0.0,1,10,0.0,5480,
Q18,B,flat,25,,,0.0,1,10,0.0,5480,
Q18,B,beam1,10,,,0.0,1,10,0.3333333333333333,79,
Q18,B,beam1,25,,,0.0,1,10,0.3333333333333333,79,
Q18,B,beam3,10,,,0.0,1,10,0.0,2680,
Q18,B,beam3,25,,,0.0,1,10,0.3333333333333333,2680,
Q18,B,beam5,10,,,0.0,1,10,0.0,2776,
Q18,B,beam5,25,,,0.0,1,10,0.3333333333333333,2776,
Q18,B,beam10,10,,,0.0,1,10,0.0,3109,
Q18,B,beam10,25,,,0.0,1,10,0.0,3109,
