variant,from,to,level,event,count
pairwise,2020,2022,0,birth,4
pairwise,2020,2022,0,continuation,2
pairwise,2020,2022,0,growth,5
pairwise,2020,2022,0,merge,1
pairwise,2020,2022,0,split,2
pairwise,2020,2022,1,birth,16
pairwise,2020,2022,1,continuation,15
pairwise,2020,2022,1,growth,6
pairwise,2020,2022,1,merge,1
pairwise,2020,2022,1,split,4
pairwise,2020,2022,2,birth,33
pairwise,2020,2022,2,continuation,72
pairwise,2020,2022,2,growth,13
pairwise,2020,2022,2,merge,1
pairwise,2020,2022,2,split,1
pairwise,2022,2024,0,birth,6
pairwise,2022,2024,0,continuation,2
pairwise,2022,2024,0,growth,3
pairwise,2022,2024,0,merge,2
pairwise,2022,2024,0,split,4
pairwise,2022,2024,1,birth,29
pairwise,2022,2024,1,continuation,3
pairwise,2022,2024,1,growth,5
pairwise,2022,2024,1,merge,2
pairwise,2022,2024,1,split,2
pairwise,2022,2024,2,birth,74
pairwise,2022,2024,2,continuation,21
pairwise,2022,2024,2,growth,11
pairwise,2022,2024,2,split,3
pairwise,2024,2026,0,continuation,3
pairwise,2024,2026,0,growth,5
pairwise,2024,2026,0,merge,2
pairwise,2024,2026,0,split,2
pairwise,2024,2026,1,birth,2
pairwise,2024,2026,1,continuation,11
pairwise,2024,2026,1,growth,6
pairwise,2024,2026,1,merge,2
pairwise,2024,2026,1,split,4
pairwise,2024,2026,2,birth,29
pairwise,2024,2026,2,continuation,28
pairwise,2024,2026,2,growth,20
pairwise,2024,2026,2,merge,3
pairwise,2024,2026,2,split,3
pairwise,,2020,0,birth,12
pairwise,,2020,1,birth,40
pairwise,,2020,2,birth,120
semantic,2020,2022,0,growth,12
semantic,2020,2022,0,merge,6
semantic,2020,2022,0,split,6
semantic,2020,2022,1,growth,37
semantic,2020,2022,1,merge,27
semantic,2020,2022,1,split,25
semantic,2020,2022,2,birth,5
semantic,2020,2022,2,continuation,15
semantic,2020,2022,2,growth,91
semantic,2020,2022,2,merge,52
semantic,2020,2022,2,split,58
semantic,2022,2024,0,growth,12
semantic,2022,2024,0,merge,6
semantic,2022,2024,0,split,6
semantic,2022,2024,1,birth,1
semantic,2022,2024,1,growth,37
semantic,2022,2024,1,merge,30
semantic,2022,2024,1,split,25
semantic,2022,2024,2,birth,5
semantic,2022,2024,2,continuation,2
semantic,2022,2024,2,growth,106
semantic,2022,2024,2,merge,72
semantic,2022,2024,2,split,76
semantic,2024,2026,0,growth,12
semantic,2024,2026,0,merge,6
semantic,2024,2026,0,split,5
semantic,2024,2026,1,growth,37
semantic,2024,2026,1,merge,23
semantic,2024,2026,1,split,25
semantic,2024,2026,2,birth,2
semantic,2024,2026,2,continuation,4
semantic,2024,2026,2,growth,105
semantic,2024,2026,2,merge,78
semantic,2024,2026,2,split,65
semantic,,2020,0,birth,12
semantic,,2020,1,birth,40
semantic,,2020,2,birth,120
static,2020,2022,0,birth,2
static,2020,2022,0,continuation,2
static,2020,2022,0,growth,7
static,2020,2022,0,merge,3
static,2020,2022,0,split,4
static,2020,2022,1,birth,12
static,2020,2022,1,continuation,17
static,2020,2022,1,growth,11
static,2020,2022,1,merge,4
static,2020,2022,1,split,2
static,2020,2022,2,birth,38
static,2020,2022,2,continuation,59
static,2020,2022,2,growth,22
static,2020,2022,2,merge,6
static,2020,2022,2,split,1
static,2022,2024,0,birth,2
static,2022,2024,0,continuation,1
static,2022,2024,0,growth,7
static,2022,2024,0,merge,3
static,2022,2024,0,split,4
static,2022,2024,1,birth,21
static,2022,2024,1,continuation,4
static,2022,2024,1,growth,12
static,2022,2024,1,merge,6
static,2022,2024,1,split,6
static,2022,2024,2,birth,55
static,2022,2024,2,continuation,24
static,2022,2024,2,growth,33
static,2022,2024,2,merge,10
static,2022,2024,2,split,3
static,2024,2026,0,continuation,1
static,2024,2026,0,growth,10
static,2024,2026,0,merge,3
static,2024,2026,0,split,6
static,2024,2026,1,birth,1
static,2024,2026,1,continuation,17
static,2024,2026,1,growth,13
static,2024,2026,1,merge,5
static,2024,2026,1,split,5
static,2024,2026,2,birth,14
static,2024,2026,2,continuation,45
static,2024,2026,2,growth,44
static,2024,2026,2,merge,15
static,2024,2026,2,split,19
static,,2020,0,birth,12
static,,2020,1,birth,40
static,,2020,2,birth,120
temporal,2020,2022,0,birth,1
temporal,2020,2022,0,continuation,3
temporal,2020,2022,0,growth,8
temporal,2020,2022,0,split,1
temporal,2020,2022,1,birth,3
temporal,2020,2022,1,continuation,20
temporal,2020,2022,1,growth,16
temporal,2020,2022,1,merge,2
temporal,2020,2022,1,split,1
temporal,2020,2022,2,birth,13
temporal,2020,2022,2,continuation,75
temporal,2020,2022,2,growth,32
temporal,2020,2022,2,split,1
temporal,2022,2024,0,continuation,2
temporal,2022,2024,0,growth,9
temporal,2022,2024,0,split,1
temporal,2022,2024,1,birth,2
temporal,2022,2024,1,continuation,9
temporal,2022,2024,1,growth,25
temporal,2022,2024,1,merge,4
temporal,2022,2024,1,split,3
temporal,2022,2024,2,birth,17
temporal,2022,2024,2,continuation,52
temporal,2022,2024,2,growth,50
temporal,2022,2024,2,merge,7
temporal,2022,2024,2,split,2
temporal,2024,2026,0,continuation,2
temporal,2024,2026,0,growth,10
temporal,2024,2026,0,merge,2
temporal,2024,2026,0,split,1
temporal,2024,2026,1,continuation,14
temporal,2024,2026,1,growth,25
temporal,2024,2026,1,merge,3
temporal,2024,2026,1,split,4
temporal,2024,2026,2,birth,7
temporal,2024,2026,2,continuation,68
temporal,2024,2026,2,growth,42
temporal,2024,2026,2,merge,4
temporal,2024,2026,2,split,3
temporal,,2020,0,birth,12
temporal,,2020,1,birth,40
temporal,,2020,2,birth,120
