variant,transition,level,shared_nodes,ari,vi,normalized_vi,lineage_retention
semantic,2020->2022,0,1505,0.3963671812614456,1.7355496172933247,0.11860440027619333,0.6046511627906976
semantic,2020->2022,1,1505,0.42444378271669136,2.040223255059768,0.13942525940185202,0.5654485049833887
semantic,2020->2022,2,1505,0.6644304860939074,1.2828109775423275,0.08766504002138865,0.6790697674418604
semantic,2022->2024,0,2164,0.3943888457272466,1.9115401826657044,0.1244538710869221,0.5965804066543438
semantic,2022->2024,1,2164,0.38345767912380235,2.4569256364093226,0.15996206053980425,0.5351201478743068
semantic,2022->2024,2,2164,0.5213059308775095,1.9046974279695732,0.12400836263329172,0.5817929759704251
semantic,2024->2026,0,4164,0.42122017091239633,1.7386000542913087,0.10430476216969052,0.6623439000960615
semantic,2024->2026,1,4164,0.45519424196586133,2.3104447250732774,0.1386117450992587,0.5790105667627281
semantic,2024->2026,2,4164,0.5392386289346114,1.858088990015947,0.11147332574583059,0.6222382324687801
pairwise,2020->2022,0,1505,0.8630073570640623,0.24236700103699238,0.01656293344673285,0.9475083056478405
pairwise,2020->2022,1,1505,0.843336393990283,0.39059712649449996,0.02669271882283211,0.9229235880398671
pairwise,2020->2022,2,1505,0.7892026602514851,0.5602606532898011,0.03828722504944355,0.906312292358804
pairwise,2022->2024,0,2164,0.550750960219804,0.4958553993959373,0.03228345630072924,0.9089648798521257
pairwise,2022->2024,1,2164,0.44623869083158274,0.761796942565953,0.04959800444911438,0.8632162661737524
pairwise,2022->2024,2,2164,0.5143796320390859,0.9769489012145293,0.06360581572536389,0.8475046210720887
pairwise,2024->2026,0,4164,0.738913992827305,0.3981132794177029,0.023884222724924273,0.9380403458213257
pairwise,2024->2026,1,4164,0.7593327647629043,0.46558895137380785,0.02793232677176927,0.9272334293948127
pairwise,2024->2026,2,4164,0.7023653965675751,0.7117892503496466,0.04270275287833536,0.9034582132564841
static,2020->2022,0,1505,0.544935335001131,0.8502261269541886,0.05810295417760397,0.7973421926910299
static,2020->2022,1,1505,0.8602323908826148,0.4456729734645526,0.03045650508079795,0.9009966777408638
static,2020->2022,2,1505,0.8548673110598474,0.43351342692398065,0.02962554311307032,0.8983388704318936
static,2022->2024,0,2164,0.6820434642516229,0.7835728503474826,0.051015759641717166,0.844731977818854
static,2022->2024,1,2164,0.5564165693989642,1.1197635562031425,0.0729039915222702,0.7569316081330869
static,2022->2024,2,2164,0.6164517792151019,1.10181973167579,0.07173573021927251,0.7536968576709797
static,2024->2026,0,4164,0.7651130509175577,0.7084174681523101,0.04250046774708098,0.8864073006724303
static,2024->2026,1,4164,0.789238948256092,0.7903110937495421,0.04741355579171171,0.8496637848222862
static,2024->2026,2,4164,0.8526626144319931,0.7542483204357397,0.04525002256025274,0.8381364073006724
temporal,2020->2022,0,1505,0.9618000811074497,0.09853941435326474,0.006734009806739527,0.9847176079734219
temporal,2020->2022,1,1505,0.9638873304711993,0.11379542518346897,0.007776578683534521,0.9807308970099667
temporal,2020->2022,2,1505,0.9599489792136271,0.10922785644836264,0.007464439090895021,0.9807308970099667
temporal,2022->2024,0,2164,0.9424082077546975,0.16365149309844074,0.010654791361410537,0.9782809611829945
temporal,2022->2024,1,2164,0.9475412580993553,0.1844461376933988,0.012008659849861696,0.9699630314232902
temporal,2022->2024,2,2164,0.9415968906459762,0.1746714934673803,0.011372266054190085,0.9690388170055453
temporal,2024->2026,0,4164,0.7603658737856319,0.4031844511444509,0.02418846024037501,0.8952929875120077
temporal,2024->2026,1,4164,0.7819694428326839,0.38613383540444524,0.02316553353838948,0.8967339097022095
temporal,2024->2026,2,4164,0.7716606941748174,0.35513794977815705,0.021305980807726093,0.8933717579250721
