variant,level,n,mean_ari,sd,ci_low,ci_high
semantic,0,5,1.0,0.0,1.0,1.0
pairwise,0,5,0.6793145187214857,0.02775644050074781,0.6448503458334223,0.7137786916095492
static,0,5,0.7799330607499024,0.018795830496737304,0.7565949547057633,0.8032711667940415
temporal,0,5,0.7808610985747066,0.11452151203582946,0.6386638600599581,0.9230583370894552
semantic,1,5,1.0,0.0,1.0,1.0
pairwise,1,5,0.6370725905361365,0.04669888234994031,0.5790882695658625,0.6950569115064106
static,1,5,0.7527400376455085,0.03591302782935875,0.7081481239233038,0.7973319513677131
temporal,1,5,0.8178443838604299,0.09875396235204267,0.6952251441279286,0.9404636235929312
semantic,2,5,1.0,0.0,1.0,1.0
pairwise,2,5,0.5648559132963357,0.019541072957246167,0.5405924665190499,0.5891193600736214
static,2,5,0.7653483540782589,0.04210008237041467,0.713074197477502,0.8176225106790157
temporal,2,5,0.8688226934182174,0.09448905616568896,0.751499034153028,0.9861463526834068
