system,k,found,raw_targets,supported_targets,raw_recall,supported_recall,mean_comparisons,median_first_direct_hit,questions_without_direct_hit
flat,10,0,63,61,0.0,0.0,5480.0,85.0,2
beam1,10,0,63,61,0.0,0.0,476.94444444444446,110.0,12
beam3,10,0,63,61,0.0,0.0,1711.7222222222222,136.0,7
beam5,10,0,63,61,0.0,0.0,2508.222222222222,142.0,3
beam10,10,0,63,61,0.0,0.0,3030.9444444444443,171.0,2
flat,25,0,63,61,0.0,0.0,5480.0,85.0,2
beam1,25,0,63,61,0.0,0.0,476.94444444444446,110.0,12
beam3,25,0,63,61,0.0,0.0,1711.7222222222222,136.0,7
beam5,25,0,63,61,0.0,0.0,2508.222222222222,142.0,3
beam10,25,0,63,61,0.0,0.0,3030.9444444444443,171.0,2
