parameter,value,level,ari_vs_primary,temporal_ari,coherence
alpha,0.25,0,0.6983311586206911,0.7326245006525633,0.79869535766403
alpha,0.25,1,0.8144280833509667,0.7566185845430008,0.80658046986179
alpha,0.25,2,0.8212820943644539,0.750228181511778,0.8150794687870928
alpha,0.5,0,1.0,0.7603658737856319,0.8029210029260405
alpha,0.5,1,1.0,0.7819694428326839,0.8108361705341127
alpha,0.5,2,1.0,0.7716606941748174,0.8204784883336023
alpha,0.75,0,0.6165479191719692,0.9636399540797669,0.8101187321159069
alpha,0.75,1,0.6928118278539787,0.9840634126245991,0.8188727838401116
alpha,0.75,2,0.6986186553511001,0.9891187755087156,0.8307270872437542
lambda,0,0,0.3761335136181453,0.3914240443699091,0.8074561868125331
lambda,0,1,0.49308979653951734,0.4876432267386342,0.8120019898352965
lambda,0,2,0.6475235791523949,0.605189660155545,0.8207770434815956
lambda,0.1,0,0.7598294413471364,0.8805035757958221,0.806731296190361
lambda,0.1,1,0.8377874509355442,0.8942114216558542,0.8143716836606302
lambda,0.1,2,0.8493714763810255,0.8866482256158461,0.8234810752589541
lambda,0.2,0,1.0,0.7603658737856319,0.8029210029260405
lambda,0.2,1,1.0,0.7819694428326839,0.8108361705341127
lambda,0.2,2,1.0,0.7716606941748174,0.8204784883336023
lambda,0.4,0,0.7492836704711289,0.9849520458243828,0.8094692681829083
lambda,0.4,1,0.772463155656564,0.9901483649748141,0.8170320741027214
lambda,0.4,2,0.7750045530470732,0.9900751958938699,0.8262112499802937
knn_k,5,0,0.9340886576272719,0.749834586809403,0.8026701342667778
knn_k,5,1,0.9905141807785082,0.7770176247746707,0.8107499628004853
knn_k,5,2,0.9975322202861012,0.7714553016235709,0.8203924135956899
knn_k,10,0,1.0,0.7603658737856319,0.8029210029260405
knn_k,10,1,1.0,0.7819694428326839,0.8108361705341127
knn_k,10,2,1.0,0.7716606941748174,0.8204784883336023
knn_k,20,0,0.950131433137154,0.7603961396931274,0.8031022344915388
knn_k,20,1,0.9973971669940477,0.7824769413132081,0.8108776470093959
knn_k,20,2,0.998775423875086,0.7723044139994635,0.8204610082293553
